﻿pos_x,pos_y,rotation,side,designator,mpn,pack,footprint,value,mount_type,place
29.21,-47.725186,-90.0,top,C1,,,C_0603_1608Metric,0.1 uF,smt,True
47.024578,-60.949335,0.0,top,C2,,,C_0603_1608Metric,0.1 uF,smt,True
29.22959,-78.724641,-90.0,top,C3,,,C_0603_1608Metric,0.1 uF,smt,True
16.030807,-60.949335,0.0,top,C4,,,C_0603_1608Metric,0.1 uF,smt,True
16.034983,-29.948363,0.0,top,C5,,,C_0603_1608Metric,0.1 uF,smt,True
29.22959,-16.725114,-90.0,top,C6,,,C_0603_1608Metric,0.1 uF,smt,True
47.043638,-29.948363,0.0,top,C7,,,C_0603_1608Metric,0.1 uF,smt,True
33.5,-49.0,0.0,top,D1,,,LED_WS2812B_PLCC4_5.0x5.0mm_P3.2mm,WS2812B,smt,True
49.0,-64.5,0.0,top,D2,,,LED_WS2812B_PLCC4_5.0x5.0mm_P3.2mm,WS2812B,smt,True
33.499999,-80.000001,0.0,top,D3,,,LED_WS2812B_PLCC4_5.0x5.0mm_P3.2mm,WS2812B,smt,True
18.0,-64.5,0.0,top,D4,,,LED_WS2812B_PLCC4_5.0x5.0mm_P3.2mm,WS2812B,smt,True
18.0,-33.5,0.0,top,D5,,,LED_WS2812B_PLCC4_5.0x5.0mm_P3.2mm,WS2812B,smt,True
33.499999,-17.999999,0.0,top,D6,,,LED_WS2812B_PLCC4_5.0x5.0mm_P3.2mm,WS2812B,smt,True
49.0,-33.5,0.0,top,D7,,,LED_WS2812B_PLCC4_5.0x5.0mm_P3.2mm,WS2812B,smt,True
25.88,-73.04,0.0,bottom,J1,,,PinHeader_1x03_P2.54mm_Vertical,Conn_01x03_Socket,tht,False
41.12,-73.04,0.0,bottom,J2,,,PinHeader_1x03_P2.54mm_Vertical,Conn_01x03_Socket,tht,False
